song,artist,energy
"Oops!...I Did It Again","Britney Spears",0.834
"All The Small Things",blink-182,0.897
"It's My Life","Bon Jovi",0.913
"Bye Bye Bye",*NSYNC,0.928
"Thong Song",Sisqo,0.888
"Rock DJ","Robbie Williams",0.772
"Lady - Hear Me Tonight",Modjo,0.808
"L'Amour Toujours","Gigi D'Agostino",0.728
"Move Your Body - Gabry Ponte Original Radio Edit","Eiffel 65",0.958
Freestyler,"Bomfunk MC's",0.922
"I'm Outta Love - Radio Edit",Anastacia,0.716
"Better Off Alone","Alice Deejay",0.88
"The Riddle","Gigi D'Agostino",0.876
"The Next Episode","Dr. Dre",0.909
"In the End","Linkin Park",0.864
Sexbomb,"Tom Jones",0.876
"Cold as Ice",M.O.P.,0.88
"I Turn To You","Melanie C",0.803
"Take A Look Around","Limp Bizkit",0.852
Sandstorm,Darude,0.965
"The Time Is Now",Moloko,0.743
"Don't Give Up",Chicane,0.72
"Party Up",DMX,0.931
Music,Madonna,0.802
"Born to Make You Happy","Britney Spears",0.922
"Big Pimpin'",JAY-Z,0.814
"I Need You","LeAnn Rimes",0.736
"Be With You","Enrique Iglesias",0.866
"He Wasn't Man Enough","Toni Braxton",0.947
"Bounce With Me (feat. Xscape) - Edited Album Version","Bow Wow",0.75
"Forgot About Dre","Dr. Dre",0.74
"Shackles (Praise You)","Mary Mary",0.834
"Doesn't Really Matter","Janet Jackson",0.796
"She Bangs - English Version","Ricky Martin",0.95
"He Can't Love U","Jagged Edge",0.836
"I Just Wanna Love U (Give It 2 Me)",JAY-Z,0.922
"Who Let The Dogs Out","Baha Men",0.887
"Can't Fight The Moonlight","LeAnn Rimes",0.834
"Go Let It Out",Oasis,0.849
"Hey Baby (Radio Mix)","DJ Ã–tzi",0.968
"Most Girls",P!nk,0.732
"Fill Me In","Craig David",0.744
"American Pie",Madonna,0.734
Otherside,"Red Hot Chili Peppers",0.795
"7 Days","Craig David",0.812
"There You Go",P!nk,0.847
"Shalala Lala",Vengaboys,0.901
"Life Is A Rollercoaster","Ronan Keating",0.791
"Don't Call Me Baby","Madison Avenue",0.982
"That's the Way It Is","CÃ©line Dion",0.886
Kryptonite,"3 Doors Down",0.865
"Hemorrhage (In My Hands)",Fuel,0.831
"It's Gonna Be Me",*NSYNC,0.874
"You Sang To Me","Marc Anthony",0.894
Bent,"Matchbox Twenty",0.83
"Shape of My Heart","Backstreet Boys",0.786
Breathless,"The Corrs",0.82
"Teenage Dirtbag",Wheatus,0.85
"Come on over Baby (All I Want Is You) - Radio Version","Christina Aguilera",0.915
Higher,Creed,0.83
Lucky,"Britney Spears",0.791
Survivor,"Destiny's Child",0.911
Stan,Eminem,0.768
"Lady Marmalade - From "Moulin Rouge"" Soundtrack"","Christina Aguilera",0.801
"Whenever, Wherever",Shakira,0.832
"The Middle","Jimmy Eat World",0.849
"It's Raining Men","Geri Halliwell",0.929
"Hit 'Em Up Style (Oops!)","Blu Cantrell",0.773
"I'm a Slave 4 U","Britney Spears",0.843
"In Your Eyes","Kylie Minogue",0.894
"We Come 1 - Radio Edit",Faithless,0.903
"Rollin' (Air Raid Vehicle)","Limp Bizkit",0.933
Something,Lasgo,0.981
"Rapture (feat.Nadia Ali)",iio,0.855
"What Took You So Long?","Emma Bunton",0.772
"It's Over Now",112,0.71
"All Rise",Blue,0.737
Irresistible,"Jessica Simpson",0.965
Butterfly,"Crazy Town",0.811
"Ain't It Funny","Jennifer Lopez",0.869
"Another Day in Paradise - R&B-Version",Brandy,0.787
"How You Remind Me",Nickelback,0.764
"Ms. Jackson",Outkast,0.806
"Everytime You Need Me - Radio Version",Fragma,0.917
Loverboy,"Mariah Carey",0.79
"Stutter (feat. Mystikal) - Double Take Remix",Joe,0.759
"Youth of the Nation",P.O.D.,0.86
Play,"Jennifer Lopez",0.729
"Get Ur Freak On","Missy Elliott",0.75
"Nobody Wants to Be Lonely (with Christina Aguilera)","Ricky Martin",0.854
"AM To PM","Christina Milian",0.868
"Another Chance","Roger Sanchez",0.82
"Until The End Of Time",2Pac,0.706
"No More Drama","Mary J. Blige",0.837
"Love Don't Cost a Thing","Jennifer Lopez",0.842
"Little L",Jamiroquai,0.724
"Let's Dance - Radio Edit",Five,0.821
"Touch Me (Radio Edit) [feat. Cassandra]","Rui Da Silva",0.922
"Smooth Criminal","Alien Ant Farm",0.964
"Pop Ya Collar - Radio Edit",Usher,0.8
"If You Come Back",Blue,0.707
"Fill Me In","Craig David",0.744
"All I Want - Sunship Radio Edit",Mis-Teeq,0.919
"Have You Ever","S Club 7",0.702
"Lovin' Each Day","Ronan Keating",0.899
Bootylicious,"Destiny's Child",0.835
"Heard It All Before","Sunshine Anderson",0.925
Again,"Lenny Kravitz",0.804
"Gotta Get Thru This - D'N'D Radio Edit","Daniel Bedingfield",0.762
"Point Of View - Radio Edit","DB Boulevard",0.715
"All For You","Janet Jackson",0.934
"Whole Again","Atomic Kitten",0.706
"Livin' It Up","Ja Rule",0.768
"Do You Really Like It? - Radio Edit","DJ Pied Piper & The Masters Of Ceremonies",0.877
Romeo,"Basement Jaxx",0.829
"Southern Hospitality (Featuring Pharrell)",Ludacris,0.896
Sing,Travis,0.905
"Izzo (H.O.V.A.)",JAY-Z,0.844
"Heaven Is a Halfpipe (If I Die)",OPM,0.894
"It's Been Awhile",Staind,0.774
"No More (Baby I'ma Do Right)",3LW,0.723
"Hanging By A Moment",Lifehouse,0.858
Complicated,"Avril Lavigne",0.776
"A Thousand Miles","Vanessa Carlton",0.825
"Wherever You Will Go","The Calling",0.719
"Underneath It All","No Doubt",0.731
"I Know What You Want (feat. Flipmode Squad)","Busta Rhymes",0.759
"'Till I Collapse",Eminem,0.847
"When You Look At Me - Radio Edit","Christina Milian",0.839
"Die Another Day",Madonna,0.797
"In the End","Linkin Park",0.864
"The Ketchup Song (AserejÃ©) - Spanglish Version","Las Ketchup",0.923
"Rock The Boat",Aaliyah,0.72
"Kiss Kiss","Holly Valance",0.717
"Round Round",Sugababes,0.845
"Tainted Love","Marilyn Manson",0.876
"Hero (feat. Josey Scott)","Chad Kroeger",0.843
"Overprotected - Radio Edit","Britney Spears",0.894
"The Logical Song",Scooter,0.933
"4 My People (feat. Eve)","Missy Elliott",0.701
"One Love",Blue,0.722
"Pass The Courvoisier Part II (feat. P. Diddy & Pharrell) - Remix","Busta Rhymes",0.793
Nessaja,Scooter,0.904
"Gangsta Lovin'",Eve,0.84
"Move Bitch","Disturbing Tha Peace",0.751
"Hot In Herre",Nelly,0.745
"Anyone of Us (Stupid Mistake)","Gareth Gates",0.72
"Dirrty (feat. Redman)","Christina Aguilera",0.889
"Freak Like Me",Sugababes,0.919
"Days Go By","Dirty Vegas",0.853
"What's Luv? (feat. Ja-Rule & Ashanti)","Fat Joe",0.707
"Luv U Better","LL Cool J",0.806
"Can't Stop","Red Hot Chili Peppers",0.938
Halfcrazy,"Musiq Soulchild",0.77
"Gimme the Light","Sean Paul",0.761
"I Love You","Faith Evans",0.757
"Love at First Sight","Kylie Minogue",0.774
Nothin',N.O.R.E.,0.863
"I Need a Girl (Pt. 1) [feat. Usher & Loon]",Diddy,0.707
"Nu Flow","Big Brovaz",0.726
"Hey Baby","No Doubt",0.872
"Murder On The Dancefloor","Sophie Ellis-Bextor",0.848
"Like I Love You","Justin Timberlake",0.811
"Caught in the Middle",A1,0.874
"Cleanin' Out My Closet",Eminem,0.758
"Get the Party Started",P!nk,0.903
"Gotta Get Thru This - D'N'D Radio Edit","Daniel Bedingfield",0.764
Clocks,Coldplay,0.749
"My Sacrifice",Creed,0.88
"Always On Time","Ja Rule",0.706
"Sk8er Boi","Avril Lavigne",0.9
Heaven,"DJ Sammy",0.953
"Oh Boy",Camâ€™ron,0.767
"By the Way","Red Hot Chili Peppers",0.97
"A Little Less Conversation - JXL Radio Edit Remix","Elvis Presley",0.97
Girlfriend,*NSYNC,0.807
"Hands Clean","Alanis Morissette",0.82
"One Last Breath - Radio Version",Creed,0.725
"She Hates Me","Puddle Of Mudd",0.748
"Crossroads - Radio Edit","Blazin' Squad",0.746
"Wasting My Time",Default,0.769
"All You Wanted","Michelle Branch",0.72
Escape,"Enrique Iglesias",0.844
Blurry,"Puddle Of Mudd",0.936
"The Whole World (feat. Killer Mike)",Outkast,0.852
"Don't Let Me Get Me - Radio Edit",P!nk,0.85
"In Da Club","50 Cent",0.713
"Get Busy","Sean Paul",0.824
"Lose Yourself - From "8 Mile"" Soundtrack"",Eminem,0.735
"Crazy In Love (feat. Jay-Z)",BeyoncÃ©,0.77
"Big Yellow Taxi","Counting Crows",0.873
"Jenny from the Block (feat. Jadakiss & Styles P.) - Track Masters Remix","Jennifer Lopez",0.768
"Shut Up","Black Eyed Peas",0.714
"All The Things She Said",t.A.T.u.,0.834
"I Know What You Want (feat. Flipmode Squad)","Busta Rhymes",0.759
"Mundian to Bach Ke","Panjabi MC",0.879
P.I.M.P.,"50 Cent",0.772
Faint,"Linkin Park",0.978
"X Gon' Give It To Ya",DMX,0.899
"Bring Me To Life",Evanescence,0.943
"Hole In The Head",Sugababes,0.933
"I Hate Everything About You","Three Days Grace",0.83
"Suga Suga","Baby Bash",0.748
"Me Against the Music (feat. Madonna) - LP Version / Video Mix","Britney Spears",0.836
"Lost Without You","Delta Goodrem",0.747
"Rock Your Body","Justin Timberlake",0.714
"Damn! (feat. Lil' Jon) - Club Mix",Youngbloodz,0.724
Someday,Nickelback,0.858
"U Make Me Wanna - Radio Edit",Blue,0.736
Headstrong,Trapt,0.896
Sunrise,"Simply Red",0.733
"Sound Of The Underground","Girls Aloud",0.867
"Shake Ya Tailfeather (feat. P. Diddy & Murphy Lee) - 2016 Remaster",Nelly,0.808
"Make Luv","Room 5",0.887
"Be Faithful","Fatman Scoop",0.713
"Too Lost In You",Sugababes,0.705
"Wanksta - From "8 Mile"" Soundtrack"","50 Cent",0.863
"Right Thurr",Chingy,0.749
"Sing For The Moment",Eminem,0.824
"The Jump Off (feat. Mr. Cheeks) - Remix","Lil' Kim",0.752
"21 Questions","50 Cent",0.813
Jump,"Girls Aloud",0.826
"Pretty Green Eyes - Radio Edit",Ultrabeat,0.775
Fighter,"Christina Aguilera",0.92
Beautiful,"Snoop Dogg",0.74
"Sweet Dreams My LA Ex - Radio Edit","Rachel Stevens",0.862
"Stand Up",Ludacris,0.84
"I Can",Nas,0.885
"When I'm Gone","3 Doors Down",0.768
"It's My Life","No Doubt",0.735
"Excuse Me Miss",JAY-Z,0.862
Clocks,Coldplay,0.749
Stole,"Kelly Rowland",0.718
"Rock Wit U (Awww Baby)",Ashanti,0.797
"Move Your Feet","Junior Senior",0.904
"Like Glue","Sean Paul",0.78
"The Seed (2.0)","The Roots",0.957
"Holidae In",Chingy,0.791
Unwell,"Matchbox Twenty",0.788
"Meant to Live",Switchfoot,0.903
"Lifestyles of the Rich & Famous","Good Charlotte",0.93
"No Letting Go","Wayne Wonder",0.819
"Yeah! (feat. Lil Jon & Ludacris)",Usher,0.791
"This Love","Maroon 5",0.862
Toxic,"Britney Spears",0.838
"Hey Ya!",Outkast,0.974
"Left Outside Alone",Anastacia,0.746
Gasolina,"Daddy Yankee",0.801
"Let's Get It Started - Spike Mix","Black Eyed Peas",0.799
"Dragostea Din Tei",O-Zone,0.965
"Lean Back","Terror Squad",0.916
"Sick and Tired",Anastacia,0.868
"What You Waiting For?","Gwen Stefani",0.948
"In the Shadows","The Rasmus",0.796
Numb,"Linkin Park",0.863
"On Fire","Lloyd Banks",0.825
"My Band",D12,0.849
"Lose My Breath","Destiny's Child",0.899
"Call on Me - Radio Mix","Eric Prydz",0.837
"Trick Me",Kelis,0.72
Headsprung,"LL Cool J",0.786
Amazing,"George Michael",0.754
"My Prerogative","Britney Spears",0.938
"Move Ya Body","Nina Sky",0.712
"Suga Suga","Baby Bash",0.748
"La Camisa Negra",Juanes,0.731
"Nobody's Home","Avril Lavigne",0.907
Radio,"Robbie Williams",0.874
"Hey Mama","Black Eyed Peas",0.866
"Not In Love - Radio Mix","Enrique Iglesias",0.885
Milkshake,Kelis,0.774
"Breaking the Habit","Linkin Park",0.849
"Dip It Low","Christina Milian",0.722
"Too Lost In You",Sugababes,0.705
"Lola's Theme - Radio Edit","The Shapeshifters",0.845
"How Come",D12,0.858
"Good Luck","Basement Jaxx",0.968
"One Call Away",Chingy,0.821
"Bring Em Out",T.I.,0.891
"Cha Cha Slide - Hardino Mix","DJ Casper",0.911
"I Believe in You","Kylie Minogue",0.785
"Overnight Celebrity",Twista,0.792
"She Wants To Move",N.E.R.D,0.851
Vertigo,U2,0.819
"Tipsy - Club Mix",J-Kwon,0.741
"Wanna Get To Know You",G-Unit,0.826
"Jesus Walks","Kanye West",0.834
"It's My Life","No Doubt",0.735
"Don't Tell Me","Avril Lavigne",0.795
"Slow Jamz",Twista,0.733
"American Idiot","Green Day",0.988
Millionaire,Kelis,0.847
"Comfortably Numb","Scissor Sisters",0.924
"Through The Wire","Kanye West",0.739
"Come With Me - Radio Edit","Special D.",0.999
"Splash Waterfalls",Ludacris,0.846
"My Happy Ending","Avril Lavigne",0.936
"All Falls Down","Kanye West",0.734
"Sunshine (feat. Anthony Hamilton)",Twista,0.888
"Take Me To The Clouds Above - LMC Vs. U2 / Radio Edit",LMC,0.905
"Fit but You Know It","The Streets",0.844
"Slow Motion",JUVENILE,0.734
"Love Machine","Girls Aloud",0.95
"With You","Jessica Simpson",0.756
"Like Toy Soldiers",Eminem,0.768
"Pieces Of Me","Ashlee Simpson",0.799
"Bad Day","Daniel Powter",0.785
"Axel F","Crazy Frog",0.907
"Ass Like That",Eminem,0.796
"We Be Burnin'","Sean Paul",0.803
"Rich Girl","Gwen Stefani",0.754
Galvanize,"The Chemical Brothers",0.714
"Remember the Name (feat. Styles of Beyond)","Fort Minor",0.835
"Get Right","Jennifer Lopez",0.759
"Numb / Encore",JAY-Z,0.793
"Hate It Or Love It","The Game",0.785
"Feel Good Inc.",Gorillaz,0.705
"Don't Phunk With My Heart","Black Eyed Peas",0.928
"I Like The Way - Radio Edit",Bodyrockers,0.851
"La Tortura (feat. Alejandro Sanz)",Shakira,0.783
DARE,Gorillaz,0.891
Signs,"Snoop Dogg",0.713
Tripping,"Robbie Williams",0.922
"Lose Control (feat. Ciara & Fat Man Scoop)","Missy Elliott",0.813
"Lonely No More","Rob Thomas",0.896
"Slow Down - 12" Version"","Bobby V.",0.732
"Diamonds From Sierra Leone - Remix","Kanye West",0.814
"1 Thing",Amerie,0.946
"Do You Want To","Franz Ferdinand",0.944
Shiver,"Natalie Imbruglia",0.798
"Hollaback Girl","Gwen Stefani",0.916
"The Kill","Thirty Seconds To Mars",0.912
Karma,"Alicia Keys",0.736
Switch,"Will Smith",0.9
"Everyday I Love You Less And Less","Kaiser Chiefs",0.956
"Behind These Hazel Eyes","Kelly Clarkson",0.889
"Don't Lie","Black Eyed Peas",0.785
Scars,"Papa Roach",0.929
"I Bet You Look Good On The Dancefloor","Arctic Monkeys",0.948
"I Predict A Riot","Kaiser Chiefs",0.979
"Caught Up",Usher,0.806
"Let Me Go","3 Doors Down",0.863
Photograph,Nickelback,0.876
Dakota,Stereophonics,0.93
"Like Toy Soldiers",Eminem,0.768
"Speed of Sound",Coldplay,0.898
"Suddenly I See","KT Tunstall",0.767
Girl,"Destiny's Child",0.747
"Since U Been Gone","Kelly Clarkson",0.739
"Dirty Little Secret","The All-American Rejects",0.955
"As Good As I Once Was","Toby Keith",0.87
Cool,"Gwen Stefani",0.721
"Best of You","Foo Fighters",0.94
"Hips Don't Lie (feat. Wyclef Jean)",Shakira,0.824
Maneater,"Nelly Furtado",0.777
"Rock This Party - Everybody Dance Now","Bob Sinclar",0.823
Sorry,Madonna,0.877
Ridin',Chamillionaire,0.799
"Pump It","Black Eyed Peas",0.931
Promiscuous,"Nelly Furtado",0.97
"Put Your Hands Up for Detroit - Radio Edit","Fedde Le Grand",0.923
"(When You Gonna) Give It Up to Me (feat. Keyshia Cole) - Radio Version","Sean Paul",0.761
Buttons,"The Pussycat Dolls",0.817
"Supermassive Black Hole",Muse,0.921
"From Paris to Berlin",Infernal,0.869
Beep,"The Pussycat Dolls",0.735
"Snap Yo Fingers","Lil Jon",0.757
"My My My - Radio Edit","Armand Van Helden",0.768
"Savin' Me",Nickelback,0.815
Patience,"Take That",0.783
"Everytime We Touch - Radio Edit",Cascada,0.977
"Control Myself","LL Cool J",0.876
"Deja Vu (feat. Jay-Z)",BeyoncÃ©,0.746
"Stupid Girls",P!nk,0.886
"When I'm Gone",Eminem,0.746
"Love Generation - Radio Edit","Bob Sinclar",0.812
"Thunder in My Heart Again (Radio Edit)",Meck,0.922
"Something Kinda Ooooh","Girls Aloud",0.908
"Touch The Sky","Kanye West",0.846
"Call Me When You're Sober",Evanescence,0.883
"Far Away",Nickelback,0.797
"Dance, Dance","Fall Out Boy",0.961
"What You Know",T.I.,0.81
"What's Left Of Me","Nick Lachey",0.742
"When The Sun Goes Down","Arctic Monkeys",0.875
"Life is a Highway","Rascal Flatts",0.936
"Check On It (feat. Slim Thug)",BeyoncÃ©,0.887
"Too Little Too Late",JoJo,0.823
One,"Mary J. Blige",0.874
"You Know I'm No Good","Amy Winehouse",0.806
"Dani California","Red Hot Chili Peppers",0.913
"I Don't Feel Like Dancin'","Scissor Sisters",0.923
"Lips Of An Angel",Hinder,0.744
"Chelsea Dagger","The Fratellis",0.815
"Where'd You Go (feat. Holly Brook & Jonah Matranga)","Fort Minor",0.819
"I Write Sins Not Tragedies","Panic! At The Disco",0.815
"Ain't No Other Man","Christina Aguilera",0.742
"Is It Any Wonder?",Keane,0.955
"Black Horse And The Cherry Tree","KT Tunstall",0.786
Unwritten,"Natasha Bedingfield",0.8
"You're All I Have","Snow Patrol",0.921
"How to Save a Life","The Fray",0.743
"Welcome to the Black Parade","My Chemical Romance",0.905
"In The Morning",Razorlight,0.855
"Dirty Little Secret","The All-American Rejects",0.955
"Wonderful World","James Morrison",0.71
"Who Knew",P!nk,0.734
Naive,"The Kooks",0.808
Umbrella,Rihanna,0.829
"Gimme More","Britney Spears",0.844
"Valerie (feat. Amy Winehouse) - Version Revisited","Mark Ronson",0.844
"What Goes Around.../...Comes Around (Interlude)","Justin Timberlake",0.723
"The Sweet Escape","Gwen Stefani",0.77
"The Way I Are",Timbaland,0.807
"Say It Right","Nelly Furtado",0.872
"Let Me Think About It","Ida Corr",0.754
"Destination Calabria - Radio Edit","Alex Gaudino",0.954
"Cry for You",September,0.881
"Smack That",Akon,0.743
"Give It To Me",Timbaland,0.711
"Ayo Technology","50 Cent",0.782
"Proper Education - Radio Edit","Eric Prydz",0.937
"Put Your Hands Up For Detroit - Radio Edit","Fedde Le Grand",0.931
"Like a Boy",Ciara,0.724
Stronger,"Kanye West",0.717
"Beautiful Liar",BeyoncÃ©,0.751
"Crank That (Soulja Boy)","Soulja Boy",0.74
"U + Ur Hand",P!nk,0.891
"Shut Up And Drive",Rihanna,0.826
"Get It Shawty",Lloyd,0.905
"The Creeps - Fedde Le Grand Radio Mix","Camille Jones",0.861
"What I've Done","Linkin Park",0.93
"Last Night","Keyshia Cole",0.857
"Party Like A Rock Star","Shop Boyz",0.709
Paralyzer,"Finger Eleven",0.939
"Fake It",Seether,0.95
Patience,"Take That",0.783
Brianstorm,"Arctic Monkeys",0.974
Glamorous,Fergie,0.757
"Bleed It Out","Linkin Park",0.967
Teenagers,"My Chemical Romance",0.857
"Acceptable in the 80's","Calvin Harris",0.808
Girlfriend,"Avril Lavigne",0.959
"It's Not Over",Daughtry,0.921
"Walk It Out",Unk,0.777
You,Lloyd,0.876
"Golden Skans",Klaxons,0.836
"Ice Box",Omarion,0.731
"On the Hotline - Amended Version","Pretty Ricky",0.854
Rockstar,Nickelback,0.91
"Thnks fr th Mmrs","Fall Out Boy",0.891
"Dear Maria, Count Me In","All Time Low",0.895
"Let It Go","Keyshia Cole",0.721
"Do You Know? (The Ping Pong Song)","Enrique Iglesias",0.759
"Heartbroken - Edit",T2,0.757
"With Every Heartbeat",Robyn,0.865
"Makes Me Wonder","Maroon 5",0.851
"This Ain't A Scene, It's An Arms Race","Fall Out Boy",0.887
"Misery Business",Paramore,0.906
"The Pretender","Foo Fighters",0.959
"Shawty (feat. T Pain)",Plies,0.708
Ruby,"Kaiser Chiefs",0.939
"Stop Me (feat. Daniel Merriweather)","Mark Ronson",0.906
"We Fly High","Jim Jones",0.8
"Face Down","The Red Jumpsuit Apparatus",0.932
"Grace Kelly",MIKA,0.828
Candyman,"Christina Aguilera",0.789
"Before He Cheats","Carrie Underwood",0.749
"Starz In Their Eyes","Just Jack",0.8
"I Tried","Bone Thugs-N-Harmony",0.71
"When You're Gone","Avril Lavigne",0.719
"Throw Some D's","Rich Boy",0.86
"Love Today",MIKA,0.913
"Your Love Alone Is Not Enough (feat. Nina Persson)","Manic Street Preachers",0.921
"Sweetest Girl (Dollar Bill) (feat. Akon, Lil' Wayne & Niia)","Wyclef Jean",0.744
"The Great Escape","Boys Like Girls",0.94
"Rule The World - Radio Edit","Take That",0.774
"Snow (Hey Oh)","Red Hot Chili Peppers",0.9
"Runaway Love",Ludacris,0.721
"I Kissed A Girl","Katy Perry",0.76
Dangerous,"Kardinal Offishall",0.79
"Beggin (original version)",Madcon,0.8
"Cry for You",September,0.881
Disturbia,Rihanna,0.813
"Infinity 2008","Guru Josh Project",0.849
"Break the Ice","Britney Spears",0.911
"Now You're Gone - Video Edit",Basshunter,0.976
"4 Minutes (feat. Justin Timberlake & Timbaland)",Madonna,0.931
"Hot N Cold","Katy Perry",0.841
"Sensual Seduction","Snoop Dogg",0.829
"Right Now (Na Na Na)",Akon,0.857
"Pjanoo - Radio Edit","Eric Prydz",0.874
Work,"Kelly Rowland",0.823
"Put On",Jeezy,0.77
"Give It 2 Me",Madonna,0.954
"Crank That (Soulja Boy)","Soulja Boy",0.74
"Live Your Life",T.I.,0.862
Closer,Ne-Yo,0.745
"See You Again","Miley Cyrus",0.911
"All I Ever Wanted - Radio Edit",Basshunter,0.984
Paralyzer,"Finger Eleven",0.939
"The Boy Does Nothing","Alesha Dixon",0.972
"Dance Wiv Me - Radio Edit","Dizzee Rascal",0.746
"Sweet About Me","Gabriella Cilmi",0.701
"Another Way to Die","Jack White",0.765
"Take You There","Sean Kingston",0.921
"Pocketful of Sunshine","Natasha Bedingfield",0.881
"You're Gonna Go Far, Kid","The Offspring",0.917
Homecoming,"Kanye West",0.747
"American Boy",Estelle,0.729
Addicted,"Saving Abel",0.864
"Propane Nightmares",Pendulum,0.966
"My Life","The Game",0.766
"So What",P!nk,0.87
"Paper Planes",M.I.A.,0.848
"It's Not My Time","3 Doors Down",0.934
Wow,"Kylie Minogue",0.884
Kids,MGMT,0.931
"Shut Up and Let Me Go","The Ting Tings",0.927
"Into the Night (feat. Chad Kroeger)",Santana,0.844
"Wearing My Rolex - Radio Edit",Wiley,0.716
"Love in This Club (feat. Young Jeezy)",Usher,0.712
"Black & Gold - Radio Edit","Sam Sparro",0.703
"That's Not My Name","The Ting Tings",0.901
"Bust It Baby, Pt. 2 (feat. Ne-Yo)",Plies,0.801
"Broken Strings","James Morrison",0.717
"Shake It","Metro Station",0.955
"Stop And Stare",OneRepublic,0.859
"Just Fine","Mary J. Blige",0.795
"Sex on Fire","Kings of Leon",0.905
"Good Life","Kanye West",0.808
Mercy,Duffy,0.859
"In Love With a Girl","Gavin DeGraw",0.906
Tattoo,"Jordin Sparks",0.766
Spotlight,"Jennifer Hudson",0.724
"Green Light (feat. AndrÃ© 3000)","John Legend",0.882
"Burnin' Up","Jonas Brothers",0.954
"Superstar (feat. Matthew Santos)","Lupe Fiasco",0.822
Forever,"Chris Brown",0.82
"I Gotta Feeling","Black Eyed Peas",0.766
"Poker Face","Lady Gaga",0.806
Halo,BeyoncÃ©,0.72
"Love Story","Taylor Swift",0.741
Circus,"Britney Spears",0.733
Monster,Skillet,0.957
Omen,"The Prodigy",0.953
"Just Dance","Lady Gaga",0.739
"I Know You Want Me (Calle Ocho)",Pitbull,0.743
"Sweet Dreams",BeyoncÃ©,0.825
"Release Me",Agnes,0.923
"Boom Boom Pow","Black Eyed Peas",0.857
"Empire State Of Mind",JAY-Z,0.956
"All The Right Moves",OneRepublic,0.948
"Evacuate The Dancefloor",Cascada,0.702
"New Divide","Linkin Park",0.808
"Let It Rock","Kevin Rudolf",0.783
"Run This Town",JAY-Z,0.924
"Bad Romance","Lady Gaga",0.921
"Live Your Life",T.I.,0.862
"We Made You",Eminem,0.853
Bonkers,"Dizzee Rascal",0.977
"Turn My Swag On","Soulja Boy",0.712
Intro,"The xx",0.778
"When Love Takes Over (feat. Kelly Rowland)","David Guetta",0.862
"Fight For This Love",Cheryl,0.741
"Kiss Me Thru The Phone","Soulja Boy",0.712
"Crack A Bottle",Eminem,0.874
Sober,P!nk,0.792
"Number 1","Tinchy Stryder",0.824
"Mama Do (Uh Oh, Uh Oh)","Pixie Lott",0.873
"Beat Again - Radio Edit",JLS,0.93
DONTTRUSTME,3OH!3,0.713
"Jai Ho! (You Are My Destiny)","A.R. Rahman",0.941
Beautiful,Akon,0.945
"Bad Boys (feat. Flo Rida)","Alexandra Burke",0.866
Forever,Drake,0.906
Naturally,"Selena Gomez & The Scene",0.902
Untouched,"The Veronicas",0.783
"Whatcha Say","Jason Derulo",0.711
"Not Fair","Lily Allen",0.861
"Dead And Gone",T.I.,0.746
"Fire Burning","Sean Kingston",0.804
"Walking On A Dream","Empire of the Sun",0.701
"Good Girls Go Bad (feat. Leighton Meester)","Cobra Starship",0.874
"If Today Was Your Last Day",Nickelback,0.911
Bulletproof,"La Roux",0.882
Fire,Kasabian,0.742
"One Time","Justin Bieber",0.853
"In For The Kill","La Roux",0.969
Uprising,Muse,0.905
"Gotta Be Somebody",Nickelback,0.89
"Broken Strings","James Morrison",0.717
Holiday,"Dizzee Rascal",0.918
"Love Drunk","Boys Like Girls",0.976
Secrets,OneRepublic,0.764
"Everybody in Love",JLS,0.783
"The Fear","Lily Allen",0.847
"Sex on Fire","Kings of Leon",0.905
"Best I Ever Had",Drake,0.894
"Already Gone","Kelly Clarkson",0.872
"21 Guns","Green Day",0.742
"Knock You Down","Keri Hilson",0.877
"You Belong With Me","Taylor Swift",0.771
"Second Chance",Shinedown,0.796
"I Love College","Asher Roth",0.826
"Waking Up In Vegas","Katy Perry",0.878
"My Life Would Suck Without You","Kelly Clarkson",0.882
"You Found Me","The Fray",0.803
"Just the Way You Are","Bruno Mars",0.841
"Love The Way You Lie",Eminem,0.925
"Bad Romance","Lady Gaga",0.921
"TiK ToK",Kesha,0.837
"Memories (feat. Kid Cudi)","David Guetta",0.916
Dynamite,"Taio Cruz",0.783
"Only Girl (In The World)",Rihanna,0.716
"California Gurls","Katy Perry",0.754
"Hot - Play & Win Radio Version",INNA,0.939
"Like A G6","Far East Movement",0.837
"Gettin' Over You (feat. Fergie & LMFAO)","David Guetta",0.913
"Barbra Streisand - Radio Edit","Duck Sauce",0.922
"Danza Kuduro (feat. Don Omar)",Lucenzo,0.942
"Te Amo",Rihanna,0.707
"Gold Dust - Radio Edit","DJ Fresh",0.948
"Stereo Love - Radio Edit","Edward Maya",0.783
"Break Your Heart","Taio Cruz",0.934
Riverside,"Sidney Samson",0.976
"Not Afraid",Eminem,0.954
Alejandro,"Lady Gaga",0.793
"Rude Boy",Rihanna,0.75
"Beautiful Monster",Ne-Yo,0.771
Starstrukk,3OH!3,0.795
"The Time (Dirty Bit)","Black Eyed Peas",0.813
Commander,"Kelly Rowland",0.876
"Deuces (feat. Tyga & Kevin McCall)","Chris Brown",0.736
"DJ Got Us Fallin' In Love (feat. Pitbull)",Usher,0.861
Replay,Iyaz,0.751
"Club Can't Handle Me (feat. David Guetta)","Flo Rida",0.869
"Written in the Stars (feat. Eric Turner)","Tinie Tempah",0.931
"Can't Be Tamed","Miley Cyrus",0.91
"Cooler Than Me - Single Mix","Mike Posner",0.82
Telephone,"Lady Gaga",0.836
"We No Speak Americano (JT Radio Edit)","Yolanda Be Cool",0.805
Hard,Rihanna,0.746
"Pass Out","Tinie Tempah",0.891
"I Like It","Enrique Iglesias",0.942
"Seek Bromance - Aviciiâ€™s Vocal Edit","Tim Berg",0.837
"OMG (feat. will.i.am)",Usher,0.745
Misery,"Maroon 5",0.81
"Man Down",Rihanna,0.904
"My First Kiss (feat. Ke$ha)",3OH!3,0.889
Baby,"Justin Bieber",0.859
"Miami 2 Ibiza - Swedish House Mafia vs. Tinie Tempah","Swedish House Mafia",0.929
"Blah Blah Blah (feat. 3OH!3)",Kesha,0.836
"All I Do Is Win (feat. T-Pain, Ludacris, Snoop Dogg & Rick Ross)","DJ Khaled",0.781
"In My Head","Jason Derulo",0.748
"Airplanes (feat. Hayley Williams of Paramore)",B.o.B,0.867
"My Chick Bad",Ludacris,0.723
"Just A Dream",Nelly,0.752
"What's My Name?",Rihanna,0.786
"The Flood","Take That",0.83
"Say Aah (feat. Fabolous)","Trey Songz",0.87
"Whatcha Say","Jason Derulo",0.711
Over,Drake,0.848
Kickstarts,Example,0.836
Higher,"The Saturdays",0.862
"Right Above It","Lil Wayne",0.841
"Starry Eyed","Ellie Goulding",0.814
"Ridin' Solo","Jason Derulo",0.83
"What You Know","Two Door Cinema Club",0.753
"Nothin' on You (feat. Bruno Mars)",B.o.B,0.853
"Teenage Dream","Katy Perry",0.798
"This Ain't a Love Song","Scouting For Girls",0.905
"Need You Now","Lady A",0.717
Animal,"Neon Trees",0.829
"Live Like We're Dying","Kris Allen",0.893
"Dancing On My Own",Robyn,0.865
"Magic (feat. Rivers Cuomo)",B.o.B,0.932
"Rolling in the Deep",Adele,0.77
"Moves Like Jagger - Studio Recording From "The Voice"" Performance"","Maroon 5",0.761
"Party Rock Anthem",LMFAO,0.736
Firework,"Katy Perry",0.832
"Hey Baby (Drop It to the Floor) (feat. T-Pain)",Pitbull,0.912
"Mr. Saxobeat","Alexandra Stan",0.931
"On The Floor","Jennifer Lopez",0.777
Blow,Kesha,0.729
"Sweat - Remix","Snoop Dogg",0.732
Higher,"Taio Cruz",0.907
"More - RedOne Jimmy Joker Remix",Usher,0.893
"Changed the Way You Kiss Me - Radio Edit",Example,0.857
"Where Them Girls At (feat. Nicki Minaj & Flo Rida)","David Guetta",0.876
"I Follow Rivers - The Magician Remix","Lykke Li",0.709
"Give Me Everything (feat. Ne-Yo, Afrojack & Nayer)",Pitbull,0.939
"Black and Yellow","Wiz Khalifa",0.834
E.T.,"Katy Perry",0.869
"Stereo Hearts (feat. Adam Levine)","Gym Class Heroes",0.795
"Stereo Love - Radio Edit","Edward Maya",0.783
"Tonight (I'm Fuckin' You)","Enrique Iglesias",0.89
"Loca People - Radio Edit","Sak Noel",0.808
"Heart Skips a Beat (feat. Rizzle Kicks)","Olly Murs",0.881
"Sexy And I Know It",LMFAO,0.861
"You Make Me Feel... (feat. Sabi)","Cobra Starship",0.857
"Do It Like A Dude","Jessie J",0.843
"Louder (feat. Sian Evans) - Radio Edit","DJ Fresh",0.926
"When We Stand Together",Nickelback,0.9
"Midnight City",M83,0.729
"Till the World Ends","Britney Spears",0.705
"Earthquake (feat. Tinie Tempah)",Labrinth,0.856
"Don't Wanna Go Home","Jason Derulo",0.808
"Last Friday Night (T.G.I.F.)","Katy Perry",0.815
"I Need A Doctor","Dr. Dre",0.946
"6 Foot 7 Foot","Lil Wayne",0.752
"I'm On One","DJ Khaled",0.807
Rocketeer,"Far East Movement",0.845
"Glad You Came","The Wanted",0.851
"We R Who We R",Kesha,0.817
"We Found Love",Rihanna,0.766
"Don't Hold Your Breath","Nicole Scherzinger",0.797
"Buzzin Remix",Mann,0.939
"Yeah 3x","Chris Brown",0.882
"All Of The Lights","Kanye West",0.803
"Coming Home","Diddy - Dirty Money",0.839
"What's My Name?",Rihanna,0.786
"Beautiful People","Chris Brown",0.775
"What the Hell","Avril Lavigne",0.926
"Read All About It","Professor Green",0.752
"Blind Faith","Chase & Status",0.846
"Champion (feat. Chris Brown)",Chip,0.934
"Who Says","Selena Gomez & The Scene",0.927
"Down With The Trumpets","Rizzle Kicks",0.88
"Born This Way","Lady Gaga",0.828
"Super Bass","Nicki Minaj",0.861
